tract_number,total_population,over_65,median_income,housing_density,percent_vacant_units,Percent_white,Percent_Black,Percent_Native,Percent_Asian,Percent_Hawaiian_and_Pacific_Islander,Percent_Other_Race,percent_two_races,percent_hispanic,percent_not_hispanic
6067000100,4037,20,115160,2.25,1.84,81,1.5,1,3.9,0,4.4,8.3,15.7,84.3
6067000200,3707,17.8,125735,2.02,8.11,81,1.4,0,5.1,0,2.7,9.8,15.2,84.8
6067000300,3502,18.6,118438,2.25,0.64,83.1,1.3,0,4,3.3,1.9,6.5,11.3,88.7
6067000400,3862,12.6,90176,1.71,3.4,68.7,3.2,0.1,3.7,0,11.3,13,30.7,69.3
6067000501,2125,11.6,49688,1.88,7.6,48.8,5.1,0.5,8.4,0,16.8,20.4,29.3,70.7
6067000502,1572,5.9,84799,1.39,11.55,63.6,6.2,0.6,7.4,0.3,13.2,8.7,26.3,73.7
6067000600,1315,13.2,36071,1.64,6.48,69.7,3.6,0.3,10.8,0.5,5.9,9.4,19.7,80.3
6067000700,2866,20.6,12903,4.07,12.36,39.1,32.4,1.2,16.2,0.9,8,2.2,14.9,85.1
6067000800,1746,25.5,54826,1.31,17.7,79.2,7,3.4,3,0,2.7,4.8,17.1,82.9
6067001102,1448,10.8,52027,1.43,10.74,60.7,4.1,1.2,7.8,0,10.2,15.9,33,67
6067001103,1372,7.4,38424,1.24,12.49,59.4,20.4,0,7.1,1.3,4.4,7.4,18,82
6067001201,1852,10.2,58878,1.32,8.8,70.1,3,1.3,13,1.4,3.3,7.8,12.7,87.3
6067001202,2124,10.5,59125,1.24,3.26,58,14.5,0,12.4,0,10.5,4.6,29.2,70.8
6067001300,3376,8.1,55932,1.45,3.1,77.8,1.7,0,5.6,0.4,6,8.6,19.3,80.7
6067001400,2458,21.4,57116,1.28,6.24,71.4,5.3,0.4,5,1.1,5,11.7,21.4,78.6
6067001500,4860,21.1,115347,1.92,1.66,84.3,1.8,0.5,4.5,0,2.8,6.1,11,89
6067001601,3595,10.6,92045,2.04,14.55,71.7,1.6,0.2,5.7,0,5.7,15,27.6,72.4
6067001602,2401,19,142589,1.95,9.33,82.7,0.6,0,7.9,0,0,8.8,16.6,83.4
6067001701,1897,7.7,0,2.02,3.31,64.4,1.7,0,20.8,0,7.4,5.6,32.5,67.5
6067001702,3532,30.5,60522,1.71,0,78.5,2.1,0.4,7.4,0,3.5,8,8.8,91.2
6067001800,5616,7.9,56215,2.04,2.36,50.5,12.4,1,11.7,1,15.7,7.7,25.2,74.8
6067001900,3208,13.8,60976,1.69,6.95,74.9,2.2,0.5,10.1,0,4.5,7.8,20.3,79.7
6067002000,2736,9.8,83170,1.66,8.25,59.6,2.9,0.3,17.9,0.1,8.6,10.5,26.5,73.5
6067002100,2313,8,59784,1.73,15.11,46.4,8.2,1.9,20.8,6.3,5.5,11,23.7,76.3
6067002200,5079,9,89773,2.27,7.6,44.2,7.8,3.3,12.4,13.3,5.4,13.6,28.4,71.6
6067002300,3514,19.2,130724,1.91,4.28,83,1.3,0,3.1,0,2.2,10.4,16,84
6067002400,5110,19.1,147891,2.51,1.86,72.8,2.2,0.1,2.5,0,3.8,18.6,23.7,76.3
6067002500,1840,26.7,132321,1.97,4.4,77.4,3.4,0,4.8,0,5.7,8.6,15.4,84.6
6067002600,2566,20.3,96875,1.8,7.5,73.2,5.4,0.8,6.9,0.4,1.1,12.1,16.5,83.5
6067002700,3714,7.5,56824,2.22,4.97,46.6,13.2,3.8,8.1,0,13.6,14.7,26.4,73.6
6067002800,3577,11.4,53362,2.74,6.35,35.3,23.9,4.8,3.3,0,12.9,19.7,36.6,63.4
6067002900,5356,13.9,73821,2.14,0.84,76.7,3,0,4.9,0,6,9.4,22.2,77.8
6067003001,2863,11.9,41956,2.4,3.85,53.5,14.9,0,6.2,4.1,4.9,16.4,33.1,66.9
6067003002,3912,15.9,71615,2,1.48,70.3,4,0.4,2,1.2,13,9,24.7,75.3
6067003101,3503,7,66803,2.82,3.22,48.3,4.1,0.5,5.5,0.6,10,31,58.7,41.3
6067003102,3097,10,77837,3.04,5.4,55.4,11.5,0,6.7,0.3,12.7,13.4,52.1,47.9
6067003202,5004,13.2,50945,2.85,5.24,27.3,2.4,2.5,29.7,0,25.7,12.4,46.4,53.6
6067003203,3146,11.9,53098,4.21,5.09,18.9,4.5,0.7,53.7,6.4,11.6,4.2,25.7,74.3
6067003204,5258,8.6,43739,3.51,9.75,26.2,5.8,1.1,37.6,0,24.5,4.7,38.9,61.1
6067003300,4720,19.5,96563,2.4,3,69.9,3.4,1.2,10.5,0,3.6,11.4,21.3,78.8
6067003400,4353,23.8,62131,2.17,5.14,46.3,6.5,0.2,13.7,0.9,13.1,19.4,33.5,66.5
6067003501,2522,19.9,65841,1.76,2.59,63.5,6.7,0.1,8.9,0.8,7.1,13,30.1,69.9
6067003502,2704,23.2,75079,2.11,6.48,61.4,3.6,0.1,22.2,0,7.3,5.5,25.4,74.6
6067003600,2561,11.9,57596,2.51,8.23,49.7,5.9,0,8.2,0,30.9,5.3,49.7,50.3
6067003700,4615,11.9,48885,3.07,6.13,24,14.8,1.3,16.4,2.6,29.1,11.9,48.6,51.4
6067003800,6035,11.7,74211,3.31,3.46,24,22.2,0,16.2,0.6,18,19,39.7,60.3
6067003900,3592,20.4,73474,2.01,5.44,45.5,6.7,0.2,18.1,1.5,10.1,17.9,31.2,68.8
6067004005,4413,35.5,83478,2.11,3.83,45.3,14.1,0.2,25.4,1.3,2.7,11.1,16.1,83.9
6067004006,5690,16.3,72017,2.19,2.85,30.4,18.4,0,30.7,0,15.8,4.7,23,77
6067004008,3296,22.1,88750,2.34,0,42.4,8.6,0,24.5,0,9.9,14.6,18.4,81.6
6067004011,3240,17.7,139637,2.23,1.86,37.2,9,0.2,42.7,0.6,4.6,5.8,9.9,90.1
6067004012,3888,20.7,132794,2.63,0.74,37.1,14.8,0.6,27.8,0,2,17.6,21,79
6067004013,3667,22.7,87946,2.26,9,29.3,26.1,0,21.6,0,7.3,15.6,29.5,70.5
6067004014,2493,12.6,58868,2.08,5.59,39.4,17.9,2.5,17.1,0.5,15,7.6,27,73
6067004015,3554,32.5,80710,1.83,8.41,42,7.4,0,34.7,0,10.6,5.3,19.4,80.6
6067004016,1794,19.5,82244,2.27,0,63.3,5.3,0,16.3,0,4.2,10.9,10.2,89.8
6067004017,2648,17.1,87788,1.89,11.37,38.4,15.3,0,26,0,8.2,12.1,23.6,76.4
6067004018,3108,11.9,89405,2.61,0,28.2,13.1,0.2,29,0,5.2,24.3,31.5,68.5
6067004019,3134,21,89526,2.31,6.62,35.3,18.5,0,23.1,0,10.9,12.1,17,83
6067004020,2572,15.9,60250,2.01,5.71,30.7,28.6,0.6,18.6,2.1,11.5,7.9,21.8,78.2
6067004100,5239,13.5,51953,2.95,6.81,16,29.1,1.8,18.7,2.8,19.3,12.4,29.1,70.9
6067004201,6013,15,72231,3.11,6.2,32.9,19.6,0.7,17.9,0.3,19.1,9.5,42.2,57.8
6067004202,5700,19.6,55043,3.15,1.33,31.3,26.9,0.6,17.7,3.6,14.7,5.2,37.1,62.9
6067004203,6122,11.9,41104,3.34,3.17,25.6,18.6,0,20.8,6.6,15.9,12.5,36.3,63.7
6067004301,6506,7.7,77097,4.45,0,14.4,22.9,0.6,39.5,3.3,4.5,14.8,21,79
6067004302,4831,16.1,58293,4.26,0,13.5,11.4,1,44.8,2.3,16.7,10.2,27.5,72.5
6067004401,4046,18.8,46732,2.53,8.3,34.5,28,0.8,17.4,0.2,11.7,7.3,36.7,63.3
6067004402,4076,14.1,52596,2.87,6.9,29,15.3,0.9,21.3,0,25.8,7.7,41.2,58.8
6067004501,3797,6.8,39653,3.34,9.59,20.5,6.8,0.4,32.4,0,33,6.8,49.2,50.8
6067004502,5258,10.5,43434,3.12,5.93,25.2,19.5,0.8,18.8,1.7,26.2,7.8,45.7,54.3
6067004602,5637,9.9,47201,3.07,4.13,35.5,3.9,2.3,10.7,3.8,29.1,14.7,52.4,47.6
6067004603,2864,11.2,42995,2.78,0,20.3,14,1.7,28.7,0.4,10.9,24,40.8,59.2
6067004604,4968,14.9,43686,3.13,4.35,26.5,19.8,0.4,22.5,2.6,15.7,12.4,40.5,59.5
6067004701,3947,10.2,43295,3.35,7.14,16.5,10.7,0.3,20,2.3,20.5,29.7,44.2,55.8
6067004702,4778,13.4,48415,2.97,3.97,30.7,19.2,1.8,24.8,0.7,17.3,5.6,34.6,65.4
6067004801,6000,16.5,52762,3.57,3.68,13.9,6.1,1.8,58.2,2.3,13.9,3.8,21,79
6067004802,5515,9.9,46698,3.51,1.21,22.1,10.6,0,36.8,3.4,19.1,8,30.8,69.2
6067004904,6126,11.7,60727,2.96,7.92,30.2,13.1,3.4,19.6,0.3,20.9,12.6,41.4,58.6
6067004906,3588,13.5,56635,3.6,1.1,17.4,21.3,0,17.4,7.4,20.6,15.9,37.1,62.9
6067004907,2316,4,30539,2.9,10.64,22.4,22.4,0,23.5,0.9,0.9,29.9,14.6,85.4
6067004908,4970,13.5,68165,3.71,1.42,26.2,19.2,0.3,21.1,8.2,14.5,10.4,36.6,63.4
6067004909,2550,17.3,38897,2.77,9.34,11.4,29.3,0.4,26.7,3.1,24.2,4.8,31,69
6067004910,4690,13.5,56699,3.82,2.52,22.2,7.2,1.7,27.8,9.7,14.8,16.7,41.5,58.5
6067005002,7916,12.3,40092,2.94,11.68,16.2,10.2,0.2,19.5,0,46.1,7.8,52.8,47.2
6067005003,4203,19.9,59205,2.79,4.45,35.3,8.2,1.4,40.1,1.6,8.7,4.7,27,73
6067005004,4479,11,86367,4.35,6.89,15.5,3.8,1,44.6,6.3,4.8,24,38,62
6067005101,5030,11,51848,3.83,2.36,20.5,13.2,0.1,31.7,15.7,17.5,1.3,26.8,73.2
6067005102,4674,15.8,62897,2.87,7.81,40.1,10.2,0.8,25.5,0.3,7.6,15.6,28.6,71.4
6067005201,3725,0.8,30093,3.95,14.53,49.9,15.5,0.5,11,0.8,15.8,6.6,36.6,63.4
6067005202,3681,16.8,89250,2.3,3.68,63.7,5.2,0.3,9,0,5.3,16.5,23.9,76.1
6067005204,4634,21.1,81484,2.29,5.77,62,10.8,0.8,6.2,0,8,12.2,17.5,82.5
6067005205,3301,16,48817,2.36,3.43,71.8,4.4,0,10,0,7.5,6.3,44.2,55.8
6067005301,1697,8.1,30969,2.33,7.41,40.5,33.3,0.5,7.4,0,9.6,8.7,19.6,80.4
6067005402,2604,24.1,55326,1.49,12.33,54.9,8.5,2.2,14.3,0,10.6,9.5,22.6,77.4
6067005403,2263,39.9,79524,1.64,4.87,66.2,2.9,0,11.1,0,18,1.8,20.6,79.4
6067005404,5923,30.9,100750,1.98,7.18,80.4,1.5,0.8,3.2,0,2.5,11.6,10.8,89.2
6067005502,5820,10,42393,2.63,5.73,34.1,16.7,0.6,7.4,0,31.4,9.9,45.6,54.4
6067005505,5134,12.6,42532,2.18,3.66,42.2,12.5,0,16.2,0.7,16,12.4,31.2,68.8
6067005506,4161,3.9,42072,2.96,4.84,25.5,17.2,0,10.5,0,38,8.7,44.8,55.2
6067005508,4032,13.1,46128,1.98,2.06,50.2,13.5,0.7,18.3,0,11.8,5.4,17.3,82.7
6067005509,2242,3.7,48942,2.19,5.56,43.4,25.3,0.2,15,0.2,9.5,6.3,23.3,76.7
6067005510,5577,9,48513,2.23,5.2,48.1,16.5,0.6,8.5,0,12.2,14.1,30,70
6067005601,6939,18.5,58821,2.6,1.54,42.1,11,0.3,18.5,5.2,8.5,14.4,12.8,87.2
6067005605,3784,7.5,70114,2.68,6.23,48.1,12.3,0.9,17.7,0,11.8,9,24.4,75.6
6067005606,4802,14.2,72019,2.43,6.08,61.4,3.8,0.6,10.3,0,13.6,10.3,26.1,73.9
6067005701,3860,18.5,101786,2.7,0.56,70.3,7.3,0,5.3,0,2.9,14.2,11,89
6067005702,4671,19.5,172171,2.61,3.8,87.7,0.5,0,4.4,0.2,2.2,5,8.9,91.1
6067005801,5494,17.7,88184,2.33,1.83,79.3,3.5,0,6.8,1.1,1.3,8,18.6,81.4
6067005803,3767,29.7,127500,2.44,5.58,78.1,0.6,0,12.2,0.3,1,7.8,7.9,92.1
6067005804,2418,29.1,133750,2.18,9.81,72.2,0,1.8,12.4,0,4.5,9.1,12.2,87.8
6067005901,6796,32.4,100804,2.5,0,77.2,5.4,0.8,8,0,2.1,6.4,9.8,90.2
6067005903,2790,8.9,44177,2.1,0,55.3,17.6,1.5,7.8,0,3,14.9,10.4,89.6
6067005904,5291,25.5,97865,2.42,3.75,72.1,4.9,0.6,16.6,0,2.2,3.5,13.5,86.5
6067006002,5133,16.5,44557,2.33,0,70.6,7.1,1.2,4,1,8.4,7.7,12,88
6067006003,4762,14,55500,2.34,4.92,55.9,11,0,7.3,1.2,14.7,9.8,21.7,78.3
6067006004,2482,21.6,100764,2.17,3.15,79.5,2.5,1,1.2,0,6.9,9,16.4,83.6
6067006101,4801,14.6,34294,2.19,2.51,58.3,5.5,0,15.4,0,15,5.8,17.5,82.5
6067006102,3914,17.5,40797,1.81,11.53,55.2,7.3,0.3,20.1,0,7,10,22.9,77.1
6067006202,4042,12.3,38394,2.29,6.45,36,14.2,1.5,4.6,0,21.4,22.3,40.8,59.2
6067006203,3994,10.9,31690,2.74,3.77,27,11.4,0.1,31.9,0,20.3,9.3,32.9,67.1
6067006204,3695,8.9,47946,2.52,2.25,28.6,11.7,1.5,23,0,25.7,9.5,30.9,69.1
6067006300,5086,10.7,41983,2.95,3.01,50.9,10.6,1.4,4.3,0,20.9,12,38.2,61.8
6067006400,5458,8.1,56036,2.98,4.97,47,10.4,1.7,10.6,1.9,18.8,9.7,43.1,56.9
6067006501,4371,10.6,22188,2.77,10.65,16.2,33.2,0.8,11.1,4.7,18.1,16.1,37.5,62.5
6067006502,2538,8.4,110179,3.51,11.2,25.9,6.4,0.4,40.1,10.3,13.1,3.7,15.7,84.3
6067006600,7557,8.9,51977,2.9,4.38,33.6,14.6,1.8,9.1,3.5,23.9,13.5,39.8,60.2
6067006703,5644,2.7,47169,3.84,7.42,17.4,20.1,0.1,16.8,4.7,26.2,14.8,34.3,65.7
6067006704,3849,21.3,49868,3.67,0,29,18.7,1.1,26.4,1.2,18.4,5.1,36.7,63.3
6067006705,5426,10.9,50750,3.65,2.22,34.3,19.1,0,16.1,1.6,8.3,20.6,20,80
6067006706,3318,8.5,55903,3.61,9.89,29.9,8.9,0.7,26.5,0.3,15.3,18.4,40.6,59.4
6067006801,1415,3.7,0,2.59,19.38,8.9,13.9,18.5,5,0,29.5,24.1,49.5,50.5
6067006802,1948,8.8,27313,2.07,14.77,54.3,8.1,0,5.6,0,30,2,46.1,53.9
6067006803,3693,2.1,57986,4.16,0,17.6,15.4,0,14.1,0,33.8,19.1,50.8,49.2
6067006901,1425,20.8,49420,1.71,1.8,70.4,4.4,0,0,0,14.2,10.9,30.3,69.7
6067006902,3511,10.3,19680,2.33,7.36,44.2,18.2,2.6,10.3,0,20.5,4.2,38.3,61.7
6067007001,4513,9,55197,3.09,5.54,32.1,7,5.5,10.8,0,32.7,11.9,64.9,35.1
6067007007,5933,13.6,75391,3.18,3.65,26.8,13.9,1.1,6.3,0.7,37,14.3,58.1,41.9
6067007010,4199,8.4,74132,1.78,5.72,45.5,17,0,19.1,3.9,4.5,10,13.9,86.1
6067007011,6873,7.8,58393,2.5,2.15,35.4,15,0.5,15.1,3.3,22.8,7.9,37.7,62.3
6067007012,3715,11,74397,2.45,0.59,44.5,18.2,0,3.6,0.2,12.2,21.3,42.4,57.6
6067007013,3001,8.5,82795,2.76,2.48,27.2,12.1,0.4,23.3,2.7,19.2,15.2,36.9,63.1
6067007016,5384,13.4,71875,3.01,4.97,39.3,11.6,1.4,37.8,0,3.9,6,17.1,82.9
6067007017,3519,8.8,104531,2.92,1.91,31.8,14.3,0.3,28.7,0.8,16.1,8,26.2,73.8
6067007019,2382,4.8,40938,3.51,0.88,20.1,35.6,0.3,22,0,10.5,11.5,21.9,78.1
6067007020,4700,9.1,132772,2.5,1.86,53.7,9.1,1.4,8.6,0.9,12.7,13.7,22.1,77.9
6067007021,4759,8.3,59819,2.67,5.77,41.2,19.1,0.1,11.9,0.8,24.5,2.4,50.7,49.3
6067007022,3240,6.3,44156,2.41,3.05,33.3,26.3,1.1,15.9,0,11.3,12.1,32.7,67.3
6067007023,4695,14.4,67754,2.51,5.25,41.9,14.6,0.1,10.1,0.8,17.1,15.5,39.8,60.2
6067007024,2041,8.3,69754,2.24,14.62,52.1,11.9,0,10.8,0,16.6,8.7,34.2,65.8
6067007025,2989,9.3,90625,2.32,0,50.5,11.2,0,26.9,0,0.3,11.1,22.6,77.4
6067007026,5285,17.2,117308,2.67,3.9,37.6,12,0.9,32.6,0,6,10.9,20.7,79.3
6067007027,2465,5.4,85726,2.49,0,25.1,17,0,49.3,0,1.9,6.8,4.1,95.9
6067007028,4283,10.9,103975,2.75,2.7,24.6,14.7,0,34.9,0,5.3,20.4,31.9,68.1
6067007101,326,5.8,165952,4.35,14.67,100,0,0,0,0,0,0,0,100
6067007103,4334,4.3,90367,2.26,2.98,31.1,15.7,0.5,25,0,18.1,9.5,26.4,73.6
6067007105,6852,10.9,91445,2.81,4.76,39.4,12.3,0,29.3,0.5,3.3,15.1,18.3,81.7
6067007106,7097,12,110085,2.85,0,39.8,8.6,1.1,27.2,2.8,6.9,13.5,22.9,77.1
6067007107,4127,11.4,127935,2.81,7.15,39.1,9.2,0.6,38.9,1.2,1.3,9.6,12.8,87.2
6067007108,5703,5.4,124583,3.31,0,28,22.3,0.7,33.8,0,7.7,7.6,17.2,82.8
6067007109,3484,56.8,78684,1.83,8.38,63.3,12.1,0.5,18.4,0,0.6,5.1,4.7,95.3
6067007110,5058,9.5,108596,3.21,3.23,39.5,20.8,1.1,22.6,0,1.9,14.2,16.4,83.6
6067007111,4408,8,144211,3.33,0,39.4,14,0.4,32.6,0,2.5,11.2,17.6,82.4
6067007202,4388,13.6,72849,3.11,0,72,2.7,0.2,11.6,0.8,8.4,4.3,18.4,81.6
6067007204,6084,9.2,75577,3.43,0,48.4,11.6,1.4,18.6,1.4,12.2,6.4,35.3,64.7
6067007206,4171,14.4,95392,3.04,3.93,86.1,1.1,1.7,3.3,0,3,4.8,18.7,81.3
6067007207,4812,9.8,82063,3.31,4.2,77.2,3.4,0.8,4.7,0.8,8,5.2,19.1,80.9
6067007208,4992,12.8,80600,3.36,4.51,73.1,0.9,0,10.6,0,8.4,7.1,24.4,75.6
6067007209,3922,17,85938,2.99,4.35,70.7,1.5,0.3,2.9,0,15.6,9.1,31.2,68.8
6067007301,5022,11.1,43154,2.73,4.51,61.4,13.1,0,5.3,0,7.4,12.9,33.9,66.1
6067007402,7628,15.9,62282,3.11,1.92,66.4,8.3,0.4,5.3,0.3,11,8.2,42.9,57.1
6067007403,4998,13,72875,3.23,4.98,75,5.5,0.5,1.3,0,6.6,11.1,31.8,68.2
6067007413,6652,10.9,52568,3.12,5.4,64.3,10,0,12,0,3.1,10.5,24.4,75.6
6067007414,4757,9.2,66579,3.21,0,55.9,10.2,0.5,8.6,0.1,3.1,21.7,36.6,63.4
6067007415,3169,13.9,71528,2.54,8.35,69.9,15.4,5.2,3.8,0,0.7,5.1,13.3,86.7
6067007416,3867,17.3,54794,2.55,5.14,67.2,11.7,0,2.9,1.3,11.1,5.8,22.5,77.5
6067007417,3303,11,83750,3.21,1.95,61.7,4.3,1.8,16.2,0,5.9,10.1,16.2,83.8
6067007422,2745,7.8,64583,2.98,2.06,67.7,3.8,1.2,2.8,0,10.1,14.4,37.2,62.8
6067007423,6768,7.8,34439,2.87,1.95,43.2,23.8,0.2,17.8,0,7.4,7.5,20.3,79.7
6067007424,3939,6,43438,2.72,1.66,50,8,0.8,15.2,0.7,9.6,15.8,27,73
6067007426,2438,11.6,75724,3.01,4.57,63.5,15.4,0,8,0,2.8,10.3,14.2,85.8
6067007427,8206,13.2,69083,3.23,1.61,69.8,10.7,0.3,5.8,0,2.2,11.3,28.4,71.6
6067007428,3430,10.8,71227,2.82,1.81,74.1,4.6,0,6.9,0,7.3,7.1,17.4,82.6
6067007429,5921,7.1,46841,2.97,1.6,48.7,18.9,1,9.1,0,9,13.3,19.4,80.6
6067007430,8755,7.3,87057,3.79,0,74,9.1,0.4,10.8,0,1.2,4.5,11.6,88.4
6067007431,3108,16.8,80500,2.86,0.65,65.9,6,0.6,13.9,0,1.4,12.2,17.4,82.6
6067007432,5075,5.6,93935,2.99,3.83,70.1,9,0.9,8.1,0.4,1.4,10.2,19.2,80.8
6067007434,6338,7.7,68498,3.58,6.17,55.3,12.2,0,8.3,0.7,10.4,13.1,39.3,60.7
6067007435,2802,13.1,31054,3.27,3.97,73.2,3.8,0,11.7,0,1.5,9.9,12.6,87.4
6067007436,2308,14.2,94063,3.09,0,43.2,9,0.8,29.4,0,0.4,17.2,14.3,85.7
6067007437,6352,9.1,116436,3.33,0,70.2,5.9,0.6,14.1,2.1,1.3,5.8,6.3,93.7
6067007438,3231,10.7,59609,2.56,3.1,60.5,4.5,0,21.2,0,5.8,7.9,13.3,86.7
6067007439,4998,7.8,75089,2.97,0,69.2,12.1,0.1,6.8,0,1.1,10.7,22.4,77.6
6067007501,7581,12.9,55051,2.62,1.79,72.9,10.6,0,4.7,0.3,3.3,8.2,21.6,78.4
6067007503,5509,7.6,68500,2.4,7.72,60.3,5.7,1,15.1,0,9.9,8,24.8,75.2
6067007504,1921,21.2,56434,2.37,5.44,73.5,6.7,0.4,4,0,5.9,9.6,23,77
6067007602,4909,18.7,80050,2.22,7.68,74.7,6.3,0.2,7.4,0,4.1,7.4,12.3,87.7
6067007603,2951,22.3,56788,2.06,14.79,74.4,6.9,0.6,4.9,0,2.8,10.4,11.4,88.6
6067007604,4020,18.3,68061,2.37,9.5,59,6.6,0.3,19.2,0,4.1,10.8,19.8,80.2
6067007701,7194,13.1,55000,2.36,7.09,59.3,9.8,0.6,11.5,4.6,2.2,12,18.3,81.7
6067007702,4108,33,114655,1.98,5.07,76.1,1.8,0.5,5.9,0.2,2.7,12.9,17.1,82.9
6067007801,5692,18.8,74922,2.19,8.83,78,2.9,0,9.1,0.1,1.8,8.1,16.7,83.3
6067007802,5010,24.5,78576,2.38,2.8,82.5,1.8,0,6.9,0.6,3.2,5,13.6,86.4
6067007903,4703,24.8,84063,2.38,2.88,88.5,0,1.5,3,0,1.6,5.5,10.3,89.7
6067007904,5993,14.7,101932,2.98,0.4,81.4,1,0.5,3.3,1.1,3.7,9,16.9,83.1
6067007905,4469,15.4,107391,2.47,8.58,74.8,0.8,0,14,0,0.6,9.8,15.2,84.8
6067007906,3666,20.2,75192,2.51,0,77.3,2.8,0.7,4.2,0,2.9,12.1,17.6,82.4
6067008005,4559,23.9,117861,2.47,1.36,87,0.7,0.2,3.8,0,1.1,7.1,12.5,87.5
6067008006,4863,28.3,114981,2.12,6.42,82.1,3.2,0,7.7,0,0.5,6.5,3.8,96.2
6067008007,3354,24.2,68558,2.35,3.43,68.8,2.1,0,7.7,0.7,10.3,10.3,23.3,76.7
6067008008,5030,21.4,101450,2.53,4.37,74.7,2.3,0.3,3.9,0,2,16.8,16.2,83.8
6067008009,4305,24.3,86216,2.06,4.46,78.3,1.7,0.9,6.9,0,2.5,9.6,19,81
6067008010,6028,22.2,115705,2.51,6.93,85.1,0.4,1.3,3.7,0,0.4,9.1,13.5,86.5
6067008111,5931,14.4,80288,2.5,1.48,85.9,0.8,0,1.4,0,6.2,5.7,18.1,81.9
6067008113,3576,14.9,63242,2.35,4.93,75.7,3.7,1,3.6,0,8.8,7.2,17.3,82.7
6067008117,2577,12.8,81250,2.99,0,80.1,2,0,1.5,0,7.2,9.2,21,79
6067008119,6915,9.8,75347,3.13,0,63.7,6,0,1.8,0,16.3,12.1,34.3,65.7
6067008120,5228,17.4,64565,2.48,2.28,73.1,3.5,0,4.2,0,10,9.1,17.7,82.3
6067008122,3479,17.7,84934,2.49,5.66,69.9,4.2,0,5.4,0,7.3,13.1,14.6,85.4
6067008124,4794,19.8,84023,2.89,0.48,93.5,0.3,0,2.3,0,0.5,3.4,8.9,91.1
6067008125,4922,22.7,94356,2.54,1.14,83.6,1.9,1.3,4.7,0,2.1,6.4,10.9,89.1
6067008127,4425,14.7,72992,2.58,4.84,80.1,1.1,2.9,2,0.2,7.8,5.9,19.5,80.5
6067008128,2211,20.3,64792,2.53,0,76.3,0.2,1.5,4.3,0,5.3,12.3,21.1,78.9
6067008129,2796,18.2,65319,2.38,7.57,70.1,10.4,0.4,2,0.6,7.8,8.6,19,81
6067008130,3952,19.6,70438,2.75,6.19,67.2,6,0,8.8,0,4.6,13.4,21.1,78.9
6067008131,4996,19,59219,2.1,7.85,79.8,7.5,0,3.3,0,2,7.4,19.2,80.8
6067008132,4188,25.6,70333,2.73,0.72,76.6,2.2,1.3,16.1,0.1,0.3,3.4,11.3,88.7
6067008133,2426,12.4,44207,1.97,5.04,73.7,7.2,0.8,7.8,0,5.3,5.2,13.5,86.5
6067008134,5489,13.8,80556,2.63,4.07,81.9,3.1,0.1,7,0.1,3.3,4.5,14.9,85.1
6067008135,4886,23.6,52203,2.08,9.9,69.7,1.4,0,6.8,0,9.1,13,11.3,88.7
6067008136,2881,15.2,67083,2.27,5.05,84.4,2.5,0,6.1,0.7,1.6,4.8,12.8,87.2
6067008137,2309,17.6,70250,2.38,5.97,83.4,6.4,0,2.6,0,0.4,7.3,4,96
6067008138,5053,15.2,83054,3.28,7.34,62.7,6.4,0,5.7,0,4,21.2,39,61
6067008139,3498,14.9,54659,1.99,5.69,75,2.8,0.3,4.3,0,5,12.5,13.7,86.3
6067008140,2545,23,79107,2.37,4.01,83.1,3.2,1.1,2.4,0,0.5,9.8,11.9,88.1
6067008141,7126,9,54560,2.57,5.19,70.2,6.3,1.1,3.3,0,9.7,9.5,27.2,72.8
6067008142,3407,7.9,64505,2.43,2.42,76.5,4.3,2.2,4.2,1.3,4.8,6.6,18.6,81.4
6067008143,3900,17.3,63132,2.31,7.34,86.2,3.8,0.9,1.1,0.1,1.4,6.6,17.1,82.9
6067008144,3212,14.7,90000,2.83,3.09,79.5,0.5,0.2,4.3,0,3.1,12.4,14,86
6067008145,7471,19.4,87241,2.75,2.32,81.4,1.5,0.5,3.2,0.1,4.2,9.2,13.9,86.1
6067008203,5133,29.4,76184,2.4,2.81,81.2,2.5,0.1,1,1.9,2.7,10.7,13.7,86.3
6067008204,4652,20.6,103523,2.63,6.39,81,0.6,0.3,1.4,0,3.3,13.4,21.8,78.2
6067008206,6477,18.1,76838,2.58,3.42,83.7,1.5,1.2,3.5,0,0.2,9.9,11,89
6067008207,4416,14.4,92124,2.25,7.44,89.2,0.6,0.4,1.4,0,0.4,8,5.9,94.1
6067008208,4345,15.5,71131,2.31,2.34,75.2,0.8,0.6,5.4,0.1,1.8,16.1,16.4,83.6
6067008209,4519,21.3,97000,2.45,2.16,74.9,3.5,0,7.2,0,1.3,13.2,14.3,85.7
6067008210,5742,28,112266,2.08,6.5,81.8,0,0,7.8,0,0.6,9.8,18.6,81.4
6067008211,2757,23.1,105668,2.4,9.38,85.1,2.4,6.4,0.4,0,0.8,4.9,5.5,94.5
6067008402,5850,13.9,125396,2.9,0,77.7,0.9,1,3.9,0,12.3,4.2,22.7,77.3
6067008403,5569,14.3,76522,2.44,2.58,69.3,1.7,0,18.6,0,0.5,10,14.2,85.8
6067008404,4222,15.2,73066,2.44,3.07,73.2,0.1,0,4.6,0,6.6,15.3,18.4,81.6
6067008501,7257,14,150466,2.95,2.07,63.4,6.8,0,21,0,2.7,6.1,15.1,84.9
6067008504,5039,9.5,126676,2.47,5.97,72.7,3.1,0,14.1,0,0.5,9.6,15.8,84.2
6067008505,1990,15.5,152337,2.82,0,75.2,0,0,15.1,0.3,4.4,5.1,10.2,89.8
6067008506,2766,16.7,78443,1.78,6.5,54,3.2,0,33.2,0,4.5,5.1,14.5,85.5
6067008507,3793,9,122064,2.46,5.58,53.8,4.2,0.2,23.1,0.5,0.9,17.3,15.1,84.9
6067008508,8849,8.1,150188,2.9,0,54,0.4,0.1,37.9,1.1,1.8,4.6,7.4,92.6
6067008509,4743,10.2,177527,3.21,0,66.1,0.6,0,20.4,1.2,1.7,10.1,12.5,87.5
6067008510,4875,11.5,171047,2.89,5.75,75.4,0.8,0,11.4,0,2.1,10.4,16.4,83.6
6067008512,4775,7.8,177921,2.99,2.07,63.4,2.1,0,29.7,0,0.7,4.1,5,95
6067008513,3826,6.9,139728,2.78,5.45,48.4,0.7,0,32.9,0,0.3,17.8,17.2,82.8
6067008601,5581,27.2,135725,2.49,1.96,81.7,4.7,0.4,3.7,0,1,8.5,16.7,83.3
6067008602,1741,31.2,76071,2.37,4.63,58.7,1.6,3.9,15.3,0,13.3,7.2,20.1,79.9
6067008702,3412,41.1,166292,2.28,2.14,77,0,0,14.5,0,0.2,8.3,6.8,93.2
6067008703,4654,24,116912,2.04,9.91,66.4,1.8,0,25.8,0,1,4.9,2.9,97.1
6067008704,3405,8.8,134630,3.76,1.88,40.4,16.8,1.3,31.3,0.3,0.9,9,13.2,86.8
6067008706,1223,12.7,205750,3.47,13.07,29.9,20.4,0,18,0,5.4,26.3,28.5,71.5
6067008707,6277,12.7,160486,3.41,2.06,54.2,6.7,0,28.3,0,3.3,7.5,15.6,84.4
6067008708,2916,9.1,127875,3.06,0,57.9,3.5,0.4,29.5,0,1.2,7.4,9.7,90.3
6067008802,2976,11.8,127411,3.43,0,61,6.6,0.5,13.5,0,2.8,15.6,11.2,88.8
6067008803,1830,3.4,83605,2.5,7.5,59.3,10.3,0,13.1,0.6,9.2,7.5,16.9,83.1
6067008905,5087,14.5,83721,3.04,3.4,60.1,8.5,4.4,6.5,0,10.2,10.2,29.3,70.7
6067008907,6258,11.7,66071,3.1,1.74,71.5,5.6,0.4,7.9,1.5,5.9,7.1,16.7,83.3
6067008908,5067,14.9,62866,2.41,6.08,65.4,9.5,0.4,5.2,0.7,11.7,7.1,26.9,73.1
6067008909,2391,22.8,73711,2.58,6.04,46.3,14.2,0,25,0,4.2,10.3,13.6,86.4
6067008910,3510,10.8,72036,2.65,2.56,66.7,1.5,0.7,4.6,0,15.6,10.9,25.5,74.5
6067008911,2834,5.9,48077,3.25,0,44.8,15.1,2.8,10.9,0,6.8,19.7,35.3,64.7
6067008912,3282,14.9,94968,2.48,6.28,71.1,4.1,0.3,10.9,2,5.6,6.1,15.9,84.1
6067008913,4430,15.1,60318,2.65,3.11,77.2,5,0,7.2,0,8.9,1.6,14.9,85.1
6067009004,3700,13.1,79769,2.7,11.61,56.8,7.5,0,13.4,0.4,11.4,10.5,21.6,78.4
6067009005,3383,10.6,55833,2.63,6.61,46.9,11.2,0.2,9.3,3.4,16.1,12.9,24.2,75.8
6067009006,5305,11.9,57333,2.8,4.22,48,22.1,1.1,6.8,1.5,12.5,7.7,23.7,76.3
6067009007,2296,9.4,42879,2.18,7.79,34.6,19.8,0,4.5,6.6,16.2,18.4,34.3,65.7
6067009008,5642,9.5,66022,3.01,1.17,49.9,10.9,4.6,13.5,0,14.7,6.4,33.4,66.6
6067009010,6701,7.7,81970,2.5,2.35,44.1,24.6,0.6,14,0.2,3.1,13.4,12.9,87.1
6067009011,5228,12.7,113862,2.84,4.99,48.8,6.3,0.5,26.1,0,4.3,14.1,11.9,88.1
6067009103,3317,12,88173,2.49,5.1,61.6,16.4,1.7,14.3,0,1,5,18.8,81.2
6067009105,2589,10.6,61667,2.27,10.35,46.6,6.9,0.2,17.8,0.8,8.6,19.1,30.1,69.9
6067009106,4336,12.9,79572,2.22,1.89,65.2,11.8,0,11.3,1.3,2.4,8,15,85
6067009107,4185,12.5,78696,2.91,1.81,68.9,11.5,1.6,4.9,0,7.4,5.8,23.6,76.4
6067009108,3971,18.4,90455,2.65,0,60.5,5.9,1.2,12.6,0,5,14.8,15.7,84.3
6067009109,5099,15.1,99795,2.88,1.98,54.8,9.4,0.6,7.1,0,9.9,18.2,16.8,83.2
6067009110,1992,4.7,41630,2.52,2.15,38.7,29.2,0,3.9,0,15.5,12.8,33.9,66.1
6067009111,5955,11.6,68019,2.47,6.1,40.6,14.3,0.4,18.1,0,15.7,10.9,24.2,75.8
6067009112,4009,12.8,72440,2.79,3.76,46.4,11.7,1.6,15.9,1.3,11.4,11.6,29,71
6067009201,6098,15.3,91341,2.98,0.93,38.4,6.1,0,38.4,0.9,8.3,7.9,23.5,76.5
6067009307,5653,15,102174,3.05,3.13,63.8,8.2,0.1,13,0.2,4.6,10,13.7,86.3
6067009308,7002,13.8,92500,2.76,2.96,66.7,3.1,3.5,10.7,0,5.4,10.7,23.3,76.7
6067009309,2300,25.5,85852,2.67,0,66.6,3.8,2.8,11.8,0,5.7,9.3,18.7,81.3
6067009310,6831,11.2,67289,2.85,4.01,58,6.3,0.3,16.6,0,13,5.8,22.6,77.4
6067009311,6716,12.9,80597,3.31,1.28,37.2,9.3,0,36.2,2.5,5.9,8.9,18.3,81.7
6067009312,7171,9.6,89207,3.47,0,33.7,5.8,0,48.1,1.3,3.4,7.8,21.3,78.7
6067009314,6904,9.7,91989,3.81,1.44,32,12.8,0.9,34.9,2.7,0.9,15.8,16.2,83.8
6067009316,5050,14.8,83688,3.88,4.91,19.2,8.7,0,43.3,3.6,11.6,13.7,19.5,80.5
6067009317,6167,12.2,95184,2.92,4.49,37.5,13.8,0.8,25.8,0.8,6.3,15.1,28.7,71.3
6067009318,1995,14,57375,3.16,0,20.4,9.4,3.6,45.6,2.3,7,11.8,19.6,80.4
6067009319,4324,9.7,69722,3.16,1.83,26.6,4.1,0.4,49.3,1,7.2,11.3,15.5,84.5
6067009320,4614,14,61891,3.13,4.07,19.6,16.8,0,39.4,0.3,10.1,13.7,28,72
6067009321,5998,11.4,83864,3.54,0.89,37.8,6.4,0.1,35,3.5,3.5,13.7,28.2,71.8
6067009323,5940,14.7,116458,3.37,0,53.6,12.8,0.7,21.9,0.9,3.2,7,10.1,89.9
6067009326,4496,17,156154,3.48,0,41.6,9,0.7,34.8,1,2.8,10,17.4,82.6
6067009328,5650,9.2,138068,3.63,1.8,41.3,12.1,0,28.9,3.5,4.8,9.5,15.2,84.8
6067009329,2413,6,75000,3.24,0.94,28.5,13.3,0.5,40.4,0,6.5,10.9,16.9,83.1
6067009330,4923,9.2,133042,3.46,1.05,39.6,4.1,0.8,32.9,0.6,7.6,14.4,17,83
6067009331,7660,9.5,126118,3.45,4.5,42,16.2,1.1,28.4,2.2,1.3,8.7,14.3,85.7
6067009332,1605,19.1,128875,3.46,11.85,48.5,0,0,40,0,0,11.5,4.4,95.6
6067009333,2736,10.7,118750,3.53,0,28.9,7.5,0,42.6,3.3,11.6,6.1,17.9,82.1
6067009334,5934,12.4,115464,3.63,0.73,25.5,13.7,0.2,40.3,3.4,4.7,12.3,14.5,85.5
6067009335,6229,6.4,108179,3.84,0,15.9,9.8,0,39.7,11.4,4.5,18.7,28.1,71.9
6067009336,4166,15.9,131932,3.03,2.91,60.8,1.8,0.5,16.1,1.4,4.2,15.3,17.3,82.7
6067009403,2044,24.1,102639,2.73,5.21,77.7,0.9,1.1,0,0,13.3,6.9,30.3,69.7
6067009404,6414,22.1,122135,2.79,5.95,66.1,1.1,1,7.8,0,11.2,12.8,32.7,67.3
6067009406,2381,19.4,109966,2.77,1.86,78.7,5.4,1.2,3.4,1.1,1.2,9,19.6,80.4
6067009408,1771,20.3,96250,2.77,6.1,73.3,1,0,7,0,6.5,12.1,26.1,73.9
6067009409,4217,10.4,114866,3.28,4.04,74.8,6.7,1.3,4,0,3.2,10,43.2,56.8
6067009410,6487,13,97097,2.99,1.7,60.9,2.1,0,8.8,0,18.9,9.3,45,55
6067009501,2690,19.6,61103,3.13,6.98,57.4,1.6,2.3,2.3,0,25.2,11.3,59.7,40.3
6067009502,7973,9.3,98438,3.14,5.16,69.9,0.7,0.4,3.5,0,12.6,13,36.6,63.4
6067009503,2748,22.2,45551,2.18,5.7,78.1,0,0,6.9,1.4,9.4,4.2,49.6,50.4
6067009504,3061,16.9,60169,3.31,4.22,54.5,1.8,0.8,1.6,0,21.1,20.3,51.1,48.9
6067009601,6555,12.4,58750,3.41,2.92,20.3,19.5,0.5,29.7,12.5,10.4,7.2,31.2,68.8
6067009608,9928,8.5,65524,3.02,4.38,18,21.8,0.3,40.4,3.7,9.2,6.6,16.7,83.3
6067009609,6080,7.9,66671,3.52,0,19.6,26.1,0.5,27.2,3.2,7.4,16.1,19.8,80.2
6067009610,7101,9.4,84293,3.84,6.28,20.6,16.5,0,23.9,5.8,19.6,13.7,30.1,69.9
6067009611,3969,11.4,81375,3.27,2.72,40.5,16.6,0.1,18.5,0,3.5,20.9,16.7,83.3
6067009612,5227,10.2,83487,2.79,1.76,31.3,20.5,1,29.2,0,4.2,13.9,27.7,72.3
6067009614,6436,6.2,100069,3,3.54,33,14.4,0,26.9,3.6,11.5,10.7,22.3,77.7
6067009616,6433,17.1,86667,2.51,2.7,55.2,7.6,0.5,9.7,0,9.1,17.8,27,73
6067009617,3959,22.7,136250,2.85,7.2,72.4,5.9,1.2,15.6,0,1.9,3.1,16,84
6067009618,4968,14.3,82052,3.18,1.67,30.2,16.1,0.4,30.4,0.4,11.1,11.5,33,67
6067009622,8265,13.8,119906,2.95,1.32,49.1,9.2,0.2,21.8,1.2,4,14.4,20,80
6067009632,6926,7.6,122785,3.43,3.07,33.6,10.8,0,37.7,2.3,5.7,9.9,17.6,82.4
6067009633,3808,8,61409,3.46,3.09,29.1,21.7,1.4,21.3,5.3,13.9,7.3,31.1,68.9
6067009634,5025,9.2,46164,3.06,2.44,13.4,30.9,0.3,22.1,4.9,13.1,15.4,28.4,71.6
6067009635,5993,8,130917,3.28,1.75,38.2,7.4,0,34.1,0.1,3.3,17,21.6,78.4
6067009637,6630,11.9,130526,4,1.93,23.4,13.7,1,42.4,2.1,6.4,11.1,13.7,86.3
6067009639,3475,16.8,75588,2.92,1.76,27.2,15.5,1.2,40.9,2.7,3.3,9.3,11.5,88.5
6067009640,5157,6.5,49856,3.51,7.22,23,38,0,11.7,1.6,1.4,24.3,19.5,80.5
6067009641,3636,20.7,50425,2.75,3.48,28.2,8.5,0.5,25.4,7.8,10.1,19.5,29.2,70.8
6067009642,1562,17,73231,2.36,4.53,17.5,1,0,49.7,7,14.1,10.8,32.8,67.2
6067009643,6720,10,103403,2.87,2.48,56.3,12.5,0.7,19.3,0.2,4.3,6.8,25.1,74.9
6067009644,3312,13.5,123770,2.28,0,45.4,11.5,0,24,0,5.3,13.8,20.8,79.2
6067009645,4339,9.1,110900,2.92,0,36.9,7.4,0,42.5,0,4.2,9,11.9,88.1
6067009646,4056,15.9,114583,3.8,2.25,31.2,14.5,0,34.4,0,14.8,5.1,26.4,73.6
6067009647,6035,13.1,83096,3.23,1.98,31.1,18.8,0.4,34.5,0,4.3,10.9,20.9,79.1
6067009648,3822,5,92672,3.66,0,21.1,8.2,0.3,32.6,5.4,7.6,24.7,23,77
6067009649,4984,9.3,121349,3.55,1.07,32.4,14,1.1,40.3,0,3.9,8.2,14.4,85.6
6067009650,2735,11,174464,3.34,0,22.9,4.6,0,53.5,4.2,1.9,13,6.2,93.8
6067009651,5516,27.3,88438,2.87,3.01,36.3,7.7,0,47.2,1.5,0.3,7.1,14.4,85.6
6067009652,2036,19.8,107054,2.69,7.78,16.3,17.9,0,50.6,0,0,15.2,9,91
6067009653,3364,5.9,111823,5.33,19.97,57.4,10.6,1.5,12.3,1.4,4.1,12.7,21.3,78.7
6067009800,1477,37.2,42857,1.35,29.42,86.1,2,0.3,2.2,0,2.6,6.8,18.1,81.9
6067009900,3747,18.1,63401,2.45,17.16,63.1,0.6,1.1,6.1,0,19.3,9.8,47.2,52.8
6067988300,5386,3,137250,138.1,0,20.6,42,2.1,2.4,0.9,19.2,12.8,34.4,65.6
